date,code,open,high,low,close,preclose,volume,amount,adjustflag,turn,tradestatus,pctChg,isST,var2,low_sub,sam1,sam2,SMA1,SMA2,var3,var4,var5,var6,close_ma58,var7,arg8,ema8,var8,rst
2020-01-02,sh.600000,12.47,12.64,12.45,12.47,12.37,51629079,647446166.0,3,0.1837,1,0.8084,0,,,,,,,,,,,,1,0.0,0.0,0.0,0.0000
2020-01-03,sh.600000,12.57,12.63,12.47,12.6,12.47,38018810,477053357.0,3,0.1353,1,1.0425,0,12.45,0.02000000000000135,0.02000000000000135,0.02000000000000135,,,,,,,,1,0.0,0.0,0.0,0.0000
2020-01-06,sh.600000,12.52,12.65,12.42,12.46,12.6,41001193,514432551.0,3,0.1459,1,-1.1111,0,12.47,-0.05000000000000071,0.05000000000000071,0.0,,,,,,,,1,0.0,0.0,0.0,0.0000
2020-01-07,sh.600000,12.51,12.6,12.46,12.5,12.46,28421482,355811756.0,3,0.1011,1,0.321,0,12.42,0.040000000000000924,0.040000000000000924,0.040000000000000924,0.03666666666666766,0.020000000000000757,183.33333333333135,1833.3333333333135,,,,1,0.0,0.0,0.0,0.0000
2020-01-08,sh.600000,12.41,12.45,12.25,12.32,12.5,35240536,434980266.0,3,0.1254,1,-1.44,0,12.46,-0.21000000000000085,0.21000000000000085,0.0,0.10000000000000082,0.013333333333333641,749.9999999999889,5611.11111111103,,,,1,0.0,0.0,0.0,0.0000
2020-01-09,sh.600000,12.39,12.43,12.35,12.37,12.32,26151448,324168061.0,3,0.0931,1,0.4058,0,12.25,0.09999999999999964,0.09999999999999964,0.09999999999999964,0.11666666666666714,0.046666666666666856,250.0,3833.333333333299,,,,1,0.0,0.0,0.0,0.0000
2020-01-10,sh.600000,12.37,12.42,12.31,12.39,12.37,18321252,226580302.0,3,0.0652,1,0.1617,0,12.35,-0.03999999999999915,0.03999999999999915,0.0,0.11666666666666654,0.033333333333333215,350.0000000000009,3655.5555555555447,,,,1,0.0,0.0,0.0,0.0000
2020-01-13,sh.600000,12.4,12.41,12.31,12.41,12.39,20715566,255982380.0,3,0.0737,1,0.1614,0,12.31,0.0,0.0,0.0,0.046666666666666266,0.033333333333333215,139.9999999999993,2491.3978494623566,,,,1,0.0,0.0,0.0,0.0000
2020-01-14,sh.600000,12.4,12.69,12.39,12.43,12.41,29994561,374971640.0,3,0.1067,1,0.1612,0,12.31,0.08000000000000007,0.08000000000000007,0.08000000000000007,0.03999999999999974,0.02666666666666669,149.9999999999989,1987.8306878306778,,,,1,0.0,0.0,0.0,0.0000
2020-01-15,sh.600000,12.41,12.45,12.25,12.25,12.43,31897217,392531149.0,3,0.1135,1,-1.4481,0,12.39,-0.14000000000000057,0.14000000000000057,0.0,0.07333333333333354,0.02666666666666669,275.0000000000005,2371.9160104986854,,,,1,0.0,0.0,0.0,0.0000
2020-01-16,sh.600000,12.28,12.31,12.16,12.2,12.25,22454876,274130148.0,3,0.0799,1,-0.4082,0,12.25,-0.08999999999999986,0.08999999999999986,0.0,0.1033333333333335,0.02666666666666669,387.5000000000003,3126.40522875817,,,,1,0.0,0.0,0.0,0.0000
2020-01-17,sh.600000,12.22,12.29,12.16,12.23,12.2,17593111,215028083.0,3,0.0626,1,0.2459,0,12.16,0.0,0.0,0.0,0.07666666666666681,0.0,inf,3126.40522875817,,,,1,0.0,0.0,0.0,0.0000
2020-01-20,sh.600000,12.26,12.27,12.19,12.25,12.23,23734609,290296136.0,3,0.0845,1,0.1635,0,12.16,0.02999999999999936,0.02999999999999936,0.02999999999999936,0.03999999999999974,0.009999999999999787,400.00000000000585,3709.5610604085573,,,,1,0.0,0.0,0.0,0.0000
2020-01-21,sh.600000,12.2,12.25,12.04,12.08,12.25,31787474,384580844.0,3,0.1131,1,-1.3878,0,12.19,-0.15000000000000036,0.15000000000000036,0.0,0.05999999999999991,0.009999999999999787,600.0000000000119,5019.11408896342,,,,1,0.0,0.0,0.0,0.0000
2020-01-22,sh.600000,11.7,11.84,11.65,11.77,12.08,78133556,917203481.0,3,0.278,1,-2.5662,0,12.04,-0.3899999999999988,0.3899999999999988,0.0,0.1899999999999995,0.009999999999999787,1900.0000000000355,12477.528870365777,,,,1,0.0,0.0,0.0,0.0000
2020-01-23,sh.600000,11.75,11.75,11.32,11.35,11.77,76534796,879151046.0,3,0.2723,1,-3.5684,0,11.65,-0.33000000000000007,0.33000000000000007,0.0,0.28999999999999976,0.0,inf,12477.528870365777,,,,1,0.0,0.0,0.0,0.0000
2020-02-03,sh.600000,10.22,10.69,10.22,10.47,11.35,95367382,997686058.0,3,0.3393,1,-7.7533,0,11.32,-1.0999999999999996,1.0999999999999996,0.0,0.6066666666666661,0.0,inf,12477.528870365777,,,,1,0.0,0.0,0.0,0.0000
2020-02-04,sh.600000,10.51,10.74,10.48,10.66,10.47,66783767,710434836.0,3,0.2376,1,1.8147,0,10.22,0.2599999999999998,0.2599999999999998,0.2599999999999998,0.5633333333333331,0.0866666666666666,650.0000000000002,7634.73437834813,,,,1,0.0,0.0,0.0,0.0000
2020-02-05,sh.600000,10.69,10.78,10.58,10.7,10.66,45046658,481639081.0,3,0.1603,1,0.3752,0,10.48,0.09999999999999964,0.09999999999999964,0.09999999999999964,0.48666666666666636,0.11999999999999982,405.5555555555559,5421.480586850197,,,,1,0.0,0.0,0.0,0.0000
2020-02-06,sh.600000,10.81,10.86,10.65,10.79,10.7,38023801,408101901.0,3,0.1353,1,0.8411,0,10.58,0.07000000000000028,0.07000000000000028,0.07000000000000028,0.14333333333333323,0.14333333333333323,100.0,2976.7536323181957,,,,1,0.0,0.0,0.0,0.0000
2020-02-07,sh.600000,10.73,10.91,10.67,10.86,10.79,31896956,342581621.0,3,0.1135,1,0.6487,0,10.65,0.019999999999999574,0.019999999999999574,0.019999999999999574,0.06333333333333317,0.06333333333333317,100.0,1938.700386531111,,,,1,0.0,0.0,0.0,0.0000
2020-02-10,sh.600000,10.76,10.84,10.71,10.77,10.86,34032121,366391170.0,3,0.1211,1,-0.8287,0,10.67,0.040000000000000924,0.040000000000000924,0.040000000000000924,0.04333333333333359,0.04333333333333359,100.0,1457.8444214728465,,,,1,0.0,0.0,0.0,0.0000
2020-02-11,sh.600000,10.82,10.95,10.78,10.86,10.77,34856302,378583345.0,3,0.124,1,0.8356,0,10.71,0.06999999999999851,0.06999999999999851,0.06999999999999851,0.043333333333333,0.043333333333333,100.0,1226.1502578376312,,,,1,0.0,0.0,0.0,0.0000
2020-02-12,sh.600000,10.84,10.88,10.76,10.86,10.86,26313927,284693716.0,3,0.0936,1,0.0,0,10.78,-0.019999999999999574,0.019999999999999574,0.0,0.043333333333333,0.03666666666666648,118.18181818181787,1203.8508263648532,,,,1,0.0,0.0,0.0,0.0000
2020-02-13,sh.600000,10.82,10.88,10.76,10.76,10.86,22630613,244794981.0,3,0.0805,1,-0.9208,0,10.76,0.0,0.0,0.0,0.02999999999999936,0.023333333333332835,128.57142857142858,1244.905348517273,,,,1,0.0,0.0,0.0,0.0000
2020-02-14,sh.600000,10.76,10.88,10.74,10.86,10.76,22360549,242102421.0,3,0.0796,1,0.9294,0,10.76,-0.019999999999999574,0.019999999999999574,0.0,0.01333333333333305,0.0,inf,1244.905348517273,,,,1,0.0,0.0,0.0,0.0000
2020-02-17,sh.600000,10.88,11.21,10.86,11.18,10.86,41343320,457641227.0,3,0.1471,1,2.9466,0,10.74,0.11999999999999922,0.11999999999999922,0.11999999999999922,0.046666666666666266,0.03999999999999974,116.66666666666643,1192.6941734194043,,,,1,0.0,0.0,0.0,0.0000
2020-02-18,sh.600000,11.09,11.18,11.04,11.06,11.18,30162703,334474238.0,3,0.1073,1,-1.0733,0,10.86,0.17999999999999972,0.17999999999999972,0.17999999999999972,0.10666666666666617,0.09999999999999964,106.66666666666656,1120.647671234466,,,,1,0.0,0.0,0.0,0.0000
2020-02-19,sh.600000,11.08,11.24,11.04,11.11,11.06,25100157,279375283.0,3,0.0893,1,0.4521,0,11.04,0.0,0.0,0.0,0.09999999999999964,0.09999999999999964,100.0,1056.2894137065437,,,,1,0.0,0.0,0.0,0.0000
2020-02-20,sh.600000,11.17,11.27,11.06,11.23,11.11,36656416,408938116.0,3,0.1304,1,1.0801,0,11.04,0.02000000000000135,0.02000000000000135,0.02000000000000135,0.06666666666666703,0.06666666666666703,100.0,1027.2340097424478,10.22,,,1,0.0,0.0,0.0,0.0000
2020-02-21,sh.600000,11.23,11.39,11.21,11.3,11.23,38949418,439706991.0,3,0.1386,1,0.6233,0,11.06,0.15000000000000036,0.15000000000000036,0.15000000000000036,0.05666666666666723,0.05666666666666723,100.0,1013.4002051689665,10.22,,,1,0.0,0.0,0.0,0.0000
2020-02-24,sh.600000,11.23,11.34,11.1,11.16,11.3,44738622,501186013.0,3,0.1592,1,-1.2389,0,11.21,-0.11000000000000121,0.11000000000000121,0.0,0.09333333333333431,0.05666666666666723,164.70588235294125,1332.731753856373,10.22,,,1,0.0,0.0,0.0,0.0000
2020-02-25,sh.600000,11.07,11.15,11.01,11.09,11.16,48324564,535241824.0,3,0.172,1,-0.6272,0,11.1,-0.08999999999999986,0.08999999999999986,0.0,0.11666666666666714,0.05000000000000012,233.3333333333337,1835.0003987152645,10.22,12477.528870365777,,1,0.0,0.0,0.0,0.0000
2020-02-26,sh.600000,11.01,11.33,11.01,11.2,11.09,51906287,581437742.0,3,0.1847,1,0.9919,0,11.01,0.0,0.0,0.0,0.06666666666666703,0.0,inf,1835.0003987152645,10.22,12477.528870365777,,1,0.0,0.0,0.0,0.0000
2020-02-27,sh.600000,11.2,11.3,11.13,11.21,11.2,33029824,370549707.0,3,0.1175,1,0.0893,0,11.01,0.120000000000001,0.120000000000001,0.120000000000001,0.07000000000000028,0.040000000000000334,174.99999999999923,1778.259363705556,10.22,12477.528870365777,,1,0.0,0.0,0.0,0.0000
2020-02-28,sh.600000,11.11,11.18,10.85,10.85,11.21,50137988,550529618.0,3,0.1784,1,-3.2114,0,11.13,-0.28000000000000114,0.28000000000000114,0.0,0.13333333333333405,0.040000000000000334,333.33333333333235,2667.3707004985395,10.22,12477.528870365777,,1,0.0,0.0,0.0,0.0000
2020-03-02,sh.600000,10.95,11.1,10.92,11.04,10.85,39245056,432698824.0,3,0.1396,1,1.7511,0,10.85,0.07000000000000028,0.07000000000000028,0.07000000000000028,0.15666666666666748,0.06333333333333376,247.36842105263125,2564.0442507698313,10.22,12477.528870365777,,1,0.0,0.0,0.0,0.0000
2020-03-03,sh.600000,11.13,11.23,11.04,11.06,11.04,39332460,437422565.0,3,0.14,1,0.1812,0,10.92,0.11999999999999922,0.11999999999999922,0.11999999999999922,0.15666666666666687,0.06333333333333317,247.36842105263253,2517.400915628584,10.22,12477.528870365777,,1,0.0,0.0,0.0,0.0000
2020-03-04,sh.600000,11.01,11.1,10.95,11.03,11.06,34628358,381014627.0,3,0.1232,1,-0.2713,0,11.04,-0.08999999999999986,0.08999999999999986,0.0,0.09333333333333312,0.06333333333333317,147.36842105263162,1987.2261259014224,10.22,12477.528870365777,,1,0.0,0.0,0.0,0.0000
2020-03-05,sh.600000,11.08,11.32,11.03,11.32,11.03,73047882,819311470.0,3,0.2599,1,2.6292,0,10.95,0.08000000000000007,0.08000000000000007,0.08000000000000007,0.09666666666666639,0.06666666666666643,145.0000000000001,1716.489647277844,10.22,12477.528870365777,,1,0.0,0.0,0.0,0.0000
2020-03-06,sh.600000,11.23,11.28,11.11,11.12,11.32,41587820,464404003.0,3,0.148,1,-1.7668,0,11.03,0.08000000000000007,0.08000000000000007,0.08000000000000007,0.08333333333333333,0.05333333333333338,156.24999999999986,1639.1916955139445,10.22,12477.528870365777,,1,0.0,0.0,0.0,0.0000
2020-03-09,sh.600000,11.0,11.0,10.75,10.78,11.12,59495242,644379973.0,3,0.2117,1,-3.0576,0,11.11,-0.35999999999999943,0.35999999999999943,0.0,0.1733333333333332,0.05333333333333338,324.9999999999995,2446.1781684449,10.22,12477.528870365777,,1,0.0,0.0,0.0,0.0000
2020-03-10,sh.600000,10.71,10.96,10.7,10.87,10.78,44761737,485896696.0,3,0.1593,1,0.8349,0,10.75,-0.05000000000000071,0.05000000000000071,0.0,0.1633333333333334,0.02666666666666669,612.4999999999998,4287.394191434187,10.22,12477.528870365777,,1,0.0,0.0,0.0,0.0000
2020-03-11,sh.600000,10.93,10.93,10.77,10.77,10.87,31688826,343734180.0,3,0.1128,1,-0.92,0,10.7,0.07000000000000028,0.07000000000000028,0.07000000000000028,0.16000000000000014,0.023333333333333428,685.7142857142835,5572.898671261567,10.22,12477.528870365777,,1,0.0,0.0,0.0,0.0000
2020-03-12,sh.600000,10.75,10.75,10.61,10.64,10.77,32632350,348157969.0,3,0.1161,1,-1.2071,0,10.77,-0.16000000000000014,0.16000000000000014,0.0,0.09333333333333371,0.023333333333333428,400.0,4786.256531882999,10.22,12477.528870365777,,1,0.0,0.0,0.0,0.0000
2020-03-13,sh.600000,10.4,10.73,10.28,10.7,10.64,57457109,603756305.0,3,0.2044,1,0.5639,0,10.61,-0.33000000000000007,0.33000000000000007,0.0,0.18666666666666684,0.023333333333333428,799.9999999999975,6393.325209919289,10.22,12477.528870365777,,1,0.0,0.0,0.0,0.0000
2020-03-16,sh.600000,10.7,10.78,10.5,10.51,10.7,47649924,507308318.0,3,0.1695,1,-1.7757,0,10.28,0.22000000000000064,0.22000000000000064,0.22000000000000064,0.23666666666666694,0.07333333333333354,322.7272727272722,4810.201963846397,10.28,7634.73437834813,,1,0.0,0.0,0.0,0.0000
2020-03-17,sh.600000,10.68,10.69,10.29,10.43,10.51,42139008,440636619.0,3,0.1499,1,-0.7612,0,10.5,-0.21000000000000085,0.21000000000000085,0.0,0.25333333333333385,0.07333333333333354,345.4545454545452,4132.35294183785,10.28,6393.325209919289,,1,0.0,0.0,0.0,0.0000
2020-03-18,sh.600000,10.4,10.5,10.2,10.21,10.43,33176646,343553119.0,3,0.1181,1,-2.1093,0,10.29,-0.08999999999999986,0.08999999999999986,0.0,0.17333333333333378,0.07333333333333354,236.3636363636363,3247.9811054234715,10.2,6393.325209919289,,1,8017.315762631024,4008.6578813155193,6.486501426076892,6.4865
2020-03-19,sh.600000,10.19,10.34,9.86,9.94,10.21,55707113,558047012.0,3,0.1982,1,-2.6445,0,10.2,-0.33999999999999986,0.33999999999999986,0.0,0.2133333333333335,0.0,inf,3247.9811054234715,9.86,6393.325209919289,,1,8017.315762631024,6012.986821973273,9.729752139115329,9.7298
2020-03-20,sh.600000,10.12,10.18,9.96,10.09,9.94,42609358,428744766.0,3,0.1516,1,1.5091,0,9.86,0.10000000000000142,0.10000000000000142,0.10000000000000142,0.17666666666666705,0.033333333333333805,529.9999999999936,4616.000687176594,9.86,6393.325209919289,,1,0.0,3006.4934109866354,4.8648760695576625,4.8649
2020-03-23,sh.600000,9.95,9.95,9.82,9.84,10.09,28286030,279043930.0,3,0.1006,1,-2.4777,0,9.96,-0.14000000000000057,0.14000000000000057,0.0,0.19333333333333394,0.033333333333333805,579.9999999999936,5292.573203664903,9.82,6393.325209919289,,1,9039.61181175174,6023.052611369188,9.746039824221986,9.7460
2020-03-24,sh.600000,10.03,10.13,9.98,10.06,9.84,28990754,291586379.0,3,0.1032,1,2.2358,0,9.82,0.16000000000000014,0.16000000000000014,0.16000000000000014,0.13333333333333405,0.08666666666666718,153.84615384615375,3290.3782708386284,9.82,6393.325209919289,,1,0.0,3011.526305684594,4.873019912110993,4.8730
2020-03-25,sh.600000,10.2,10.27,10.12,10.15,10.06,32172278,327768574.0,3,0.1145,1,0.8946,0,9.98,0.1399999999999988,0.1399999999999988,0.1399999999999988,0.1466666666666665,0.09999999999999964,146.666666666667,2349.1073003328715,9.82,6393.325209919289,,1,0.0,1505.7631528422967,2.436509956055496,2.4365
2020-03-26,sh.600000,10.1,10.37,10.08,10.23,10.15,30921803,315960382.0,3,0.11,1,0.7882,0,10.12,-0.03999999999999915,0.03999999999999915,0.0,0.11333333333333269,0.09999999999999964,113.33333333333309,1731.5711669399032,9.82,6393.325209919289,,1,0.0,752.8815764211483,1.218254978027748,1.2183
2020-03-27,sh.600000,10.35,10.38,10.2,10.24,10.23,27107951,278718751.0,3,0.0965,1,0.0978,0,10.08,0.11999999999999922,0.11999999999999922,0.11999999999999922,0.09999999999999905,0.086666666666666,115.38461538461517,1440.4341173508958,9.82,6393.325209919289,,1,0.0,376.44078821057417,0.609127489013874,0.6091
2020-03-30,sh.600000,10.18,10.28,10.11,10.28,10.24,26046018,265782024.0,3,0.0927,1,0.3906,0,10.2,-0.08999999999999986,0.08999999999999986,0.0,0.08333333333333275,0.03999999999999974,208.3333333333332,1763.1443314262349,9.82,6393.325209919289,,1,0.0,188.22039410528708,0.304563744506937,0.3046
2020-03-31,sh.600000,10.3,10.36,10.13,10.15,10.28,26144854,267681227.0,3,0.093,1,-1.2646,0,10.11,0.02000000000000135,0.02000000000000135,0.02000000000000135,0.07666666666666681,0.046666666666666856,164.28571428571394,1702.8830374990227,9.82,6393.325209919289,11.146896551724138,1,0.0,94.11019705264354,0.1522818722534685,0.1523
2020-04-01,sh.600000,10.11,10.26,10.09,10.09,10.15,22479192,228559545.0,3,0.08,1,-0.5911,0,10.13,-0.040000000000000924,0.040000000000000924,0.0,0.05000000000000071,0.006666666666667116,749.99999999996,4604.274952694992,9.82,6393.325209919289,11.105862068965518,1,0.0,47.05509852632177,0.07614093612673425,0.0761
2020-04-02,sh.600000,10.09,10.2,10.07,10.2,10.09,17042135,172675321.0,3,0.0606,1,1.0902,0,10.09,-0.019999999999999574,0.019999999999999574,0.0,0.026666666666667282,0.006666666666667116,399.99999999998226,4301.989873950278,9.82,6393.325209919289,11.06448275862069,1,0.0,23.527549263160886,0.03807046806336713,0.0381
2020-04-03,sh.600000,10.13,10.21,10.12,10.15,10.2,14842382,150706819.0,3,0.0528,1,-0.4902,0,10.07,0.049999999999998934,0.049999999999998934,0.049999999999998934,0.03666666666666648,0.016666666666666313,220.00000000000358,3250.7382798223734,9.82,6393.325209919289,11.024655172413793,1,0.0,11.763774631580443,0.019035234031683564,0.0190
2020-04-07,sh.600000,10.3,10.33,10.23,10.28,10.15,23825611,244911012.0,3,0.0848,1,1.2808,0,10.12,0.11000000000000121,0.11000000000000121,0.11000000000000121,0.05999999999999991,0.05333333333333338,112.49999999999973,2187.739377315222,9.82,6393.325209919289,10.986379310344827,1,0.0,5.881887315790221,0.009517617015841782,0.0095
2020-04-08,sh.600000,10.25,10.29,10.18,10.24,10.28,17952255,183606904.0,3,0.0639,1,-0.3891,0,10.23,-0.05000000000000071,0.05000000000000071,0.0,0.07000000000000028,0.05333333333333338,131.25000000000043,1750.092976431966,9.82,6393.325209919289,10.950517241379309,1,0.0,2.9409436578951107,0.004758808507920891,0.0048
2020-04-09,sh.600000,10.26,10.29,10.18,10.2,10.24,13569586,138881044.0,3,0.0483,1,-0.3906,0,10.18,0.0,0.0,0.0,0.053333333333333975,0.03666666666666707,145.4545454545456,1602.3147055847012,9.82,6393.325209919289,10.91310344827586,1,0.0,1.4704718289475553,0.0023794042539604454,0.0024
2020-04-10,sh.600000,10.22,10.24,10.15,10.21,10.2,16625528,169625912.0,3,0.0592,1,0.098,0,10.18,-0.02999999999999936,0.02999999999999936,0.0,0.02666666666666669,0.0,inf,1602.3147055847012,9.82,6393.325209919289,10.87551724137931,1,0.0,0.7352359144737777,0.0011897021269802227,0.0012
2020-04-13,sh.600000,10.15,10.22,10.1,10.11,10.21,11966986,121315470.0,3,0.0426,1,-0.9794,0,10.15,-0.05000000000000071,0.05000000000000071,0.0,0.02666666666666669,0.0,inf,1602.3147055847012,9.82,6393.325209919289,10.835862068965518,1,0.0,0.36761795723688884,0.0005948510634901114,0.0006
2020-04-14,sh.600000,10.17,10.25,10.12,10.25,10.11,17792926,181192027.0,3,0.0633,1,1.3848,0,10.1,0.019999999999999574,0.019999999999999574,0.019999999999999574,0.033333333333333215,0.006666666666666525,500.00000000000887,4320.47953173264,9.82,6393.325209919289,10.798275862068966,1,0.0,0.18380897861844442,0.0002974255317450557,0.0003
2020-04-15,sh.600000,10.2,10.27,10.15,10.18,10.25,14945608,152284659.0,3,0.0532,1,-0.6829,0,10.12,0.030000000000001137,0.030000000000001137,0.030000000000001137,0.033333333333333805,0.016666666666666902,200.0,2892.488775321244,9.82,6393.325209919289,10.762586206896552,1,0.0,0.09190448930922221,0.00014871276587252784,0.0001
2020-04-16,sh.600000,10.1,10.18,10.1,10.16,10.18,14403197,145969853.0,3,0.0513,1,-0.1965,0,10.15,-0.05000000000000071,0.05000000000000071,0.0,0.033333333333333805,0.016666666666666902,200.0,2400.080656960095,9.82,6393.325209919289,10.727413793103448,1,0.0,0.045952244654611105,7.435638293626392e-05,0.0001
2020-04-17,sh.600000,10.18,10.23,10.15,10.2,10.16,22744411,231788988.0,3,0.0809,1,0.3937,0,10.1,0.05000000000000071,0.05000000000000071,0.05000000000000071,0.04333333333333419,0.026666666666667282,162.49999999999943,1993.4807646427623,9.82,6393.325209919289,10.692413793103448,1,0.0,0.022976122327305552,3.717819146813196e-05,0.0000
2020-04-20,sh.600000,10.15,10.19,10.09,10.11,10.2,23503715,237574344.0,3,0.0836,1,-0.8824,0,10.15,-0.0600000000000005,0.0600000000000005,0.0,0.053333333333333975,0.016666666666666902,319.9999999999993,2611.218763962916,9.82,6393.325209919289,10.655517241379311,1,0.0,0.011488061163652776,1.858909573406598e-05,0.0000
2020-04-21,sh.600000,10.07,10.12,10.01,10.03,10.11,17557525,176508085.0,3,0.0625,1,-0.7913,0,10.09,-0.08000000000000007,0.08000000000000007,0.0,0.06333333333333376,0.016666666666666902,379.99999999999716,3212.6575646248916,9.82,6393.325209919289,10.620172413793101,1,0.0,0.005744030581826388,9.29454786703299e-06,0.0000
2020-04-22,sh.600000,10.02,10.07,9.98,10.07,10.03,15802441,158372535.0,3,0.0562,1,0.3988,0,10.01,-0.02999999999999936,0.02999999999999936,0.0,0.05666666666666664,0.0,inf,3212.6575646248916,9.82,6393.325209919289,10.590862068965517,1,0.0,0.002872015290913194,4.647273933516495e-06,0.0000
2020-04-23,sh.600000,10.1,10.1,10.01,10.06,10.07,16878643,169579075.0,3,0.0601,1,-0.0993,0,9.98,0.02999999999999936,0.02999999999999936,0.02999999999999936,0.046666666666666266,0.009999999999999787,466.66666666667265,4185.7983357932235,9.82,6393.325209919289,10.568620689655171,1,0.0,0.001436007645456597,2.3236369667582475e-06,0.0000
2020-04-24,sh.600000,10.06,10.09,10.01,10.06,10.06,16973113,170599170.0,3,0.0604,1,0.0,0,10.01,0.0,0.0,0.0,0.019999999999999574,0.009999999999999787,200.0,2934.676181498051,9.82,6393.325209919289,10.561551724137928,1,0.0,0.0007180038227282985,1.1618184833791238e-06,0.0000
2020-04-27,sh.600000,10.15,10.42,10.15,10.34,10.06,50342806,520243997.0,3,0.1791,1,2.7833,0,10.01,0.14000000000000057,0.14000000000000057,0.14000000000000057,0.05666666666666664,0.05666666666666664,100.0,1902.0421311404848,9.82,5292.573203664903,10.55603448275862,1,0.0,0.00035900191136414925,5.809092416895619e-07,0.0000
2020-04-28,sh.600000,10.36,10.38,10.22,10.33,10.34,29222578,301584635.0,3,0.104,1,-0.0967,0,10.15,0.07000000000000028,0.07000000000000028,0.07000000000000028,0.07000000000000028,0.07000000000000028,100.0,1436.2959338172666,9.82,5292.573203664903,10.549655172413791,1,0.0,0.00017950095568207463,2.9045462084478094e-07,0.0000
2020-04-29,sh.600000,10.35,10.61,10.33,10.61,10.33,35056836,367739389.0,3,0.1247,1,2.7105,0,10.22,0.10999999999999943,0.10999999999999943,0.10999999999999943,0.10666666666666676,0.10666666666666676,100.0,1214.644070462511,9.82,5292.573203664903,10.54655172413793,1,0.0,8.975047784103731e-05,1.4522731042239047e-07,0.0000
2020-04-30,sh.600000,10.58,10.79,10.56,10.63,10.61,30906971,330157488.0,3,0.11,1,0.1885,0,10.33,0.23000000000000043,0.23000000000000043,0.23000000000000043,0.13666666666666671,0.13666666666666671,100.0,1106.4669978438783,9.82,5292.573203664903,10.54258620689655,1,0.0,4.487523892051866e-05,7.261365521119523e-08,0.0000
2020-05-06,sh.600000,10.44,10.49,10.36,10.46,10.63,41378362,431336740.0,3,0.1472,1,-1.5992,0,10.56,-0.20000000000000107,0.20000000000000107,0.0,0.1800000000000003,0.11333333333333329,158.82352941176504,1348.3069037782723,9.82,5292.573203664903,10.537241379310345,1,0.0,2.243761946025933e-05,3.630682760559762e-08,0.0000
2020-05-07,sh.600000,10.45,10.46,10.37,10.39,10.46,26211656,272516386.0,3,0.0933,1,-0.6692,0,10.36,0.009999999999999787,0.009999999999999787,0.009999999999999787,0.14666666666666708,0.08000000000000007,183.33333333333368,1591.3002767208422,9.82,5292.573203664903,10.529137931034482,1,0.0,1.1218809730129664e-05,1.815341380279881e-08,0.0000
2020-05-08,sh.600000,10.44,10.49,10.4,10.44,10.39,20927670,218698514.0,3,0.0745,1,0.4812,0,10.37,0.030000000000001137,0.030000000000001137,0.030000000000001137,0.08000000000000067,0.013333333333333641,599.9999999999911,3797.8302047311254,9.98,4604.274952694992,10.521896551724138,1,0.0,5.609404865064832e-06,9.076706901399404e-09,0.0000
2020-05-11,sh.600000,10.44,10.54,10.42,10.43,10.44,21472495,224819916.0,3,0.0764,1,-0.0958,0,10.4,0.019999999999999574,0.019999999999999574,0.019999999999999574,0.020000000000000167,0.020000000000000167,100.0,2398.2236920538703,9.98,4604.274952694992,10.516206896551724,1,0.0,2.804702432532416e-06,4.538353450699702e-09,0.0000
2020-05-12,sh.600000,10.44,10.48,10.34,10.34,10.43,19405945,201474588.0,3,0.0691,1,-0.8629,0,10.42,-0.08000000000000007,0.08000000000000007,0.0,0.04333333333333359,0.016666666666666902,259.9999999999979,2499.1367717268404,9.98,4604.274952694992,10.507241379310344,1,0.0,1.402351216266208e-06,2.269176725349851e-09,0.0000
2020-05-13,sh.600000,10.31,10.39,10.28,10.38,10.34,15574310,160783648.0,3,0.0554,1,0.3868,0,10.34,-0.0600000000000005,0.0600000000000005,0.0,0.05333333333333338,0.006666666666666525,800.0000000000177,5249.908108430187,9.98,5249.908108430187,10.493448275862068,1,0.0,7.01175608133104e-07,1.1345883626749255e-09,0.0000
2020-05-14,sh.600000,10.32,10.36,10.27,10.3,10.38,15892376,163558192.0,3,0.0565,1,-0.7707,0,10.28,-0.009999999999999787,0.009999999999999787,0.0,0.05000000000000012,0.0,inf,5249.908108430187,9.98,5249.908108430187,10.480344827586206,1,0.0,3.50587804066552e-07,5.672941813374628e-10,0.0000
2020-05-15,sh.600000,10.36,10.38,10.26,10.28,10.3,13753770,141846602.0,3,0.0489,1,-0.1942,0,10.27,-0.009999999999999787,0.009999999999999787,0.0,0.02666666666666669,0.0,inf,5249.908108430187,9.98,5249.908108430187,10.46603448275862,1,0.0,1.75293902033276e-07,2.836470906687314e-10,0.0000
2020-05-18,sh.600000,10.28,10.43,10.25,10.32,10.28,15675941,162140715.0,3,0.0558,1,0.3891,0,10.26,-0.009999999999999787,0.009999999999999787,0.0,0.009999999999999787,0.0,inf,5249.908108430187,9.98,5249.908108430187,10.450344827586207,1,0.0,8.7646951016638e-08,1.418235453343657e-10,0.0000
2020-05-19,sh.600000,10.45,10.45,10.34,10.35,10.32,12576997,130445254.0,3,0.0448,1,0.2907,0,10.25,0.08999999999999986,0.08999999999999986,0.08999999999999986,0.03666666666666648,0.029999999999999954,122.22222222222179,1669.693747414693,9.98,5249.908108430187,10.433965517241381,1,0.0,4.3823475508319e-08,7.091177266718285e-11,0.0000
2020-05-20,sh.600000,10.37,10.42,10.33,10.41,10.35,20046300,208195248.0,3,0.0713,1,0.5797,0,10.34,-0.009999999999999787,0.009999999999999787,0.0,0.03666666666666648,0.029999999999999954,122.22222222222179,1383.3105565489407,9.98,5249.908108430187,10.421034482758621,1,0.0,2.19117377541595e-08,3.545588633359142e-11,0.0000
2020-05-21,sh.600000,10.44,10.44,10.33,10.33,10.41,14361684,149140643.0,3,0.0511,1,-0.7685,0,10.33,0.0,0.0,0.0,0.033333333333333215,0.029999999999999954,111.11111111111089,1230.4965016950014,9.98,5249.908108430187,10.40793103448276,1,0.0,1.095586887707975e-08,1.772794316679571e-11,0.0000
2020-05-22,sh.600000,10.3,10.34,10.14,10.14,10.33,23722915,243204611.0,3,0.0844,1,-1.8393,0,10.33,-0.1899999999999995,0.1899999999999995,0.0,0.06666666666666643,0.0,inf,1230.4965016950014,9.98,5249.908108430187,10.389655172413793,1,0.0,5.477934438539875e-09,8.863971583397856e-12,0.0000
2020-05-25,sh.600000,10.3,10.31,10.13,10.27,10.14,15722012,160438358.0,3,0.0559,1,1.2821,0,10.14,-0.009999999999999787,0.009999999999999787,0.0,0.06666666666666643,0.0,inf,1230.4965016950014,9.98,5249.908108430187,10.373448275862069,1,0.0,2.7389672192699376e-09,4.431985791698928e-12,0.0000
2020-05-26,sh.600000,10.32,10.32,10.25,10.27,10.27,14372249,147713417.0,3,0.0511,1,0.0,0,10.13,0.11999999999999922,0.11999999999999922,0.11999999999999922,0.10666666666666617,0.03999999999999974,266.6666666666672,2405.128154413026,9.98,5249.908108430187,10.363448275862067,1,0.0,1.3694836096349688e-09,2.215992895849464e-12,0.0000
2020-05-27,sh.600000,10.28,10.38,10.25,10.35,10.27,20145712,208419130.0,3,0.0717,1,0.779,0,10.25,0.0,0.0,0.0,0.043333333333333,0.03999999999999974,108.33333333333321,1584.8141547739108,9.98,5249.908108430187,10.35155172413793,1,0.0,6.847418048174844e-10,1.107996447924732e-12,0.0000
2020-05-28,sh.600000,10.36,10.55,10.36,10.53,10.35,38263189,401358593.0,3,0.1361,1,1.7391,0,10.25,0.10999999999999943,0.10999999999999943,0.10999999999999943,0.07666666666666622,0.07666666666666622,100.0,1260.9365266032005,9.98,5249.908108430187,10.342413793103448,1,0.0,3.423709024087422e-10,5.53998223962366e-13,0.0000
2020-05-29,sh.600000,10.45,10.57,10.45,10.57,10.53,30659227,322828566.0,3,0.1091,1,0.3799,0,10.36,0.08999999999999986,0.08999999999999986,0.08999999999999986,0.06666666666666643,0.06666666666666643,100.0,1123.8059073014037,9.98,5249.908108430187,10.334482758620691,1,0.0,1.711854512043711e-10,2.76999111981183e-13,0.0000
2020-06-01,sh.600000,10.63,10.72,10.57,10.65,10.57,28612841,304346423.0,3,0.1018,1,0.7569,0,10.45,0.120000000000001,0.120000000000001,0.120000000000001,0.10666666666666676,0.10666666666666676,100.0,1060.3617681619126,9.98,5249.908108430187,10.322931034482759,1,0.0,8.559272560218555e-11,1.384995559905915e-13,0.0000
2020-06-02,sh.600000,10.58,10.74,10.58,10.68,10.65,25922545,276609954.0,3,0.0922,1,0.2817,0,10.57,0.009999999999999787,0.009999999999999787,0.009999999999999787,0.07333333333333354,0.07333333333333354,100.0,1029.8097997618147,9.98,5249.908108430187,10.315344827586205,1,0.0,4.2796362801092774e-11,6.924977799529575e-14,0.0000
2020-06-03,sh.600000,10.75,10.87,10.7,10.7,10.68,27352188,294473001.0,3,0.0973,1,0.1873,0,10.58,0.11999999999999922,0.11999999999999922,0.11999999999999922,0.08333333333333333,0.08333333333333333,100.0,1014.8138293252159,9.98,5249.908108430187,10.31396551724138,1,0.0,2.1398181400546387e-11,3.4624888997647874e-14,0.0000
2020-06-04,sh.600000,10.8,10.8,10.64,10.64,10.7,17559033,187688384.0,3,0.0625,1,-0.5607,0,10.7,-0.05999999999999872,0.05999999999999872,0.0,0.06333333333333258,0.043333333333333,146.15384615384554,1238.8564510561323,9.98,5249.908108430187,10.31,1,0.0,1.0699090700273194e-11,1.7312444498823937e-14,0.0000
2020-06-05,sh.600000,10.68,10.69,10.56,10.67,10.64,20958291,222668156.0,3,0.0746,1,0.282,0,10.64,-0.08000000000000007,0.08000000000000007,0.0,0.086666666666666,0.03999999999999974,216.66666666666643,1703.466953968357,9.98,5249.908108430187,10.308275862068966,1,0.0,5.349545350136597e-12,8.656222249411969e-15,0.0000
2020-06-08,sh.600000,10.64,10.72,10.6,10.61,10.67,18251152,194265349.0,3,0.0649,1,-0.5623,0,10.56,0.03999999999999915,0.03999999999999915,0.03999999999999915,0.05999999999999931,0.01333333333333305,450.00000000000443,3102.795742768615,10.01,5249.908108430187,10.307758620689656,1,0.0,2.6747726750682984e-12,4.328111124705984e-15,0.0000
2020-06-09,sh.600000,10.62,10.72,10.58,10.68,10.61,17263160,184089097.0,3,0.0614,1,0.6598,0,10.6,-0.019999999999999574,0.019999999999999574,0.0,0.046666666666666266,0.01333333333333305,350.00000000000443,3301.4732819503433,10.01,5249.908108430187,10.307413793103446,1,0.0,1.3373863375341492e-12,2.164055562352992e-15,0.0000
2020-06-10,sh.600000,10.71,10.71,10.58,10.58,10.68,16693480,177440922.0,3,0.0594,1,-0.9363,0,10.58,0.0,0.0,0.0,0.019999999999999574,0.01333333333333305,150.0,2400.5656655504754,10.13,5249.908108430187,10.308620689655172,1,0.0,6.686931687670746e-13,1.082027781176496e-15,0.0000
2020-06-11,sh.600000,10.58,10.61,10.45,10.48,10.58,25171455,264822302.0,3,0.0896,1,-0.9452,0,10.58,-0.13000000000000078,0.13000000000000078,0.0,0.05000000000000012,0.0,inf,2400.5656655504754,10.13,5249.908108430187,10.30948275862069,1,0.0,3.343465843835373e-13,5.41013890588248e-16,0.0000
2020-06-12,sh.600000,10.58,10.58,10.43,10.55,10.48,25514482,267574331.0,3,0.0908,1,0.6679,0,10.45,-0.019999999999999574,0.019999999999999574,0.0,0.05000000000000012,0.0,inf,2400.5656655504754,10.13,5249.908108430187,10.315344827586205,1,0.0,1.6717329219176865e-13,2.70506945294124e-16,0.0000
2020-06-15,sh.600000,10.41,10.49,10.35,10.35,10.55,25497883,265574307.0,3,0.0907,1,-1.8957,0,10.43,-0.08000000000000007,0.08000000000000007,0.0,0.07666666666666681,0.0,inf,2400.5656655504754,10.13,5249.908108430187,10.322413793103447,1,0.0,8.358664609588432e-14,1.35253472647062e-16,0.0000
2020-06-16,sh.600000,10.44,10.5,10.4,10.45,10.35,17682742,184966297.0,3,0.0629,1,0.9662,0,10.35,0.05000000000000071,0.05000000000000071,0.05000000000000071,0.05000000000000012,0.016666666666666902,299.9999999999965,2933.407420994981,10.13,5249.908108430187,10.328620689655171,1,0.0,4.179332304794216e-14,6.7626736323531e-17,0.0000
2020-06-17,sh.600000,10.44,10.51,10.43,10.47,10.45,16148594,169024390.0,3,0.0575,1,0.1914,0,10.4,0.02999999999999936,0.02999999999999936,0.02999999999999936,0.05333333333333338,0.02666666666666669,200.0,2336.0221366557976,10.13,5249.908108430187,10.339482758620688,1,0.0,2.089666152397108e-14,3.38133681617655e-17,0.0000
2020-06-18,sh.600000,10.42,10.57,10.39,10.5,10.47,20856551,218713603.0,3,0.0742,1,0.2865,0,10.43,-0.03999999999999915,0.03999999999999915,0.0,0.03999999999999974,0.02666666666666669,149.9999999999989,1866.674813035898,10.13,5249.908108430187,10.347068965517241,1,0.0,1.044833076198554e-14,1.690668408088275e-17,0.0000
2020-06-19,sh.600000,10.56,10.68,10.5,10.61,10.5,39814479,422462428.0,3,0.1417,1,1.0476,0,10.39,0.10999999999999943,0.10999999999999943,0.10999999999999943,0.05999999999999931,0.046666666666666266,128.5714285714282,1559.3894240639468,10.13,5249.908108430187,10.355,1,0.0,5.22416538099277e-15,8.453342040441376e-18,0.0000
2020-06-22,sh.600000,10.57,10.66,10.53,10.55,10.61,24611903,260728901.0,3,0.0876,1,-0.5655,0,10.5,0.02999999999999936,0.02999999999999936,0.02999999999999936,0.05999999999999931,0.046666666666666266,128.5714285714282,1418.7049083689737,10.13,5249.908108430187,10.36051724137931,1,0.0,2.612082690496385e-15,4.226671020220688e-18,0.0000
2020-06-23,sh.600000,10.51,10.57,10.47,10.48,10.55,19602212,206109220.0,3,0.0697,1,-0.6635,0,10.53,-0.05999999999999872,0.05999999999999872,0.0,0.06666666666666583,0.046666666666666266,142.8571428571423,1423.7065521730242,10.13,5249.908108430187,10.364655172413793,1,0.0,1.3060413452481926e-15,2.113335510110344e-18,0.0000
2020-06-24,sh.600000,10.54,10.61,10.5,10.6,10.48,22873884,241489165.0,3,0.0814,1,1.145,0,10.47,0.02999999999999936,0.02999999999999936,0.02999999999999936,0.03999999999999915,0.019999999999999574,200.0,1713.83664101145,10.13,5249.908108430187,10.370172413793103,1,0.0,6.530206726240963e-16,1.056667755055172e-18,0.0000
2020-06-29,sh.600000,10.63,10.73,10.49,10.57,10.6,27875619,295223647.0,3,0.0992,1,-0.283,0,10.5,-0.009999999999999787,0.009999999999999787,0.0,0.033333333333332625,0.009999999999999787,333.33333333333337,2526.3622496051694,10.13,5249.908108430187,10.37741379310345,1,0.0,3.2651033631204814e-16,5.28333877527586e-19,0.0000
2020-06-30,sh.600000,10.59,10.64,10.54,10.58,10.57,22886764,242601910.0,3,0.0814,1,0.0946,0,10.49,0.049999999999998934,0.049999999999998934,0.049999999999998934,0.02999999999999936,0.0266666666666661,112.5,1824.4815892003721,10.13,5249.908108430187,10.385862068965519,1,0.0,1.6325516815602407e-16,2.64166938763793e-19,0.0000
2020-07-01,sh.600000,10.59,10.76,10.55,10.74,10.58,36690710,390832225.0,3,0.1306,1,1.5123,0,10.54,0.010000000000001563,0.010000000000001563,0.010000000000001563,0.023333333333333428,0.020000000000000167,116.66666666666616,1495.2928310852897,10.13,3301.4732819503433,10.395172413793105,1,0.0,8.162758407801204e-17,1.320834693818965e-19,0.0000
2020-07-02,sh.600000,10.73,11.05,10.7,11.05,10.74,60951268,663308323.0,3,0.2169,1,2.8864,0,10.55,0.14999999999999858,0.14999999999999858,0.14999999999999858,0.06999999999999969,0.06999999999999969,100.0,1247.540561483443,10.13,3301.4732819503433,10.410689655172416,1,0.0,4.081379203900602e-17,6.604173469094825e-20,0.0000
2020-07-03,sh.600000,11.08,11.26,11.02,11.19,11.05,82238477,916157920.0,3,0.2926,1,1.267,0,10.7,0.3200000000000003,0.3200000000000003,0.3200000000000003,0.16000000000000014,0.16000000000000014,100.0,1123.7438341906548,10.13,3301.4732819503433,10.42637931034483,1,0.0,2.040689601950301e-17,3.3020867345474123e-20,0.0000
2020-07-06,sh.600000,11.3,12.31,11.29,12.2,11.19,149558001,1776417981.0,3,0.5322,1,9.0259,0,11.02,0.2699999999999996,0.2699999999999996,0.2699999999999996,0.24666666666666615,0.24666666666666615,100.0,1061.8653075764419,10.13,3301.4732819503433,10.460172413793106,1,0.0,1.0203448009751504e-17,1.6510433672737062e-20,0.0000
2020-07-07,sh.600000,12.45,12.69,12.1,12.11,12.2,131469759,1621839646.0,3,0.4678,1,-0.7377,0,11.29,0.8100000000000005,0.8100000000000005,0.8100000000000005,0.4666666666666668,0.4666666666666668,100.0,1030.9310016732607,10.13,3301.4732819503433,10.493103448275864,1,0.0,5.101724004875752e-18,8.255216836368531e-21,0.0000
2020-07-08,sh.600000,12.17,12.44,12.03,12.14,12.11,104879230,1282339816.0,3,0.3732,1,0.2477,0,12.1,-0.07000000000000028,0.07000000000000028,0.0,0.38333333333333347,0.36000000000000004,106.48148148148151,1047.8733606660971,10.25,3301.4732819503433,10.52637931034483,1,0.0,2.550862002437876e-18,4.1276084181842654e-21,0.0000
2020-07-09,sh.600000,12.26,12.26,11.94,11.99,12.14,91311738,1101713242.0,3,0.3249,1,-1.2356,0,12.03,-0.08999999999999986,0.08999999999999986,0.0,0.32333333333333353,0.2700000000000002,119.75308641975309,1122.703111543862,10.25,3301.4732819503433,10.558793103448277,1,0.0,1.275431001218938e-18,2.0638042090921327e-21,0.0000
2020-07-10,sh.600000,11.98,12.09,11.55,11.6,11.99,78611864,925839420.0,3,0.2797,1,-3.2527,0,11.94,-0.3899999999999988,0.3899999999999988,0.0,0.183333333333333,0.0,inf,1122.703111543862,10.35,3301.4732819503433,10.582068965517243,1,0.0,6.37715500609469e-19,1.0319021045460663e-21,0.0000
2020-07-13,sh.600000,11.6,11.85,11.56,11.66,11.6,96564333,1128297577.0,3,0.3436,1,0.5172,0,11.55,0.009999999999999787,0.009999999999999787,0.009999999999999787,0.1633333333333328,0.0033333333333332624,4900.000000000088,33041.04309297142,10.35,33041.04309297142,10.607586206896555,1,0.0,3.188577503047345e-19,5.159510522730332e-22,0.0000
2020-07-14,sh.600000,11.61,11.69,11.33,11.38,11.66,79944260,919482272.0,3,0.2845,1,-2.4014,0,11.56,-0.23000000000000043,0.23000000000000043,0.0,0.20999999999999966,0.0033333333333332624,6300.000000000124,50160.47969346486,10.35,50160.47969346486,10.628620689655175,1,0.0,1.5942887515236726e-19,2.579755261365166e-22,0.0000
2020-07-15,sh.600000,11.47,11.47,11.14,11.18,11.38,92438310,1042128861.0,3,0.3289,1,-1.7575,0,11.33,-0.1899999999999995,0.1899999999999995,0.0,0.14333333333333323,0.0033333333333332624,4300.000000000088,46341.55379098114,10.35,50160.47969346486,10.645517241379311,1,0.0,7.971443757618363e-20,1.289877630682583e-22,0.0000
2020-07-16,sh.600000,11.25,11.48,11.2,11.2,11.18,96614162,1094090004.0,3,0.3438,1,0.1789,0,11.14,0.05999999999999872,0.05999999999999872,0.05999999999999872,0.15999999999999956,0.019999999999999574,800.0000000000149,26552.356214298823,10.35,50160.47969346486,10.664310344827587,1,0.0,3.9857218788091814e-20,6.449388153412915e-23,0.0000
2020-07-17,sh.600000,11.37,11.39,11.17,11.27,11.2,68639480,771657319.0,3,0.2442,1,0.625,0,11.2,-0.02999999999999936,0.02999999999999936,0.0,0.09333333333333253,0.019999999999999574,466.66666666667265,15435.81313572559,10.35,50160.47969346486,10.685689655172416,1,0.0,1.9928609394045907e-20,3.2246940767064573e-23,0.0000
2020-07-20,sh.600000,11.32,11.57,11.27,11.52,11.27,78766518,901216619.0,3,0.2803,1,2.2183,0,11.17,0.09999999999999964,0.09999999999999964,0.09999999999999964,0.06333333333333258,0.05333333333333279,118.7499999999998,8255.560091979465,10.35,50160.47969346486,10.710689655172414,1,0.0,9.964304697022954e-21,1.6123470383532287e-23,0.0000
2020-07-21,sh.600000,11.59,11.61,11.4,11.54,11.52,55004587,632576750.48,3,0.1957,1,0.1736,0,11.27,0.13000000000000078,0.13000000000000078,0.13000000000000078,0.0866666666666666,0.07666666666666681,113.04347826086926,4679.026416086799,10.35,50160.47969346486,10.736206896551725,1,0.0,4.982152348511477e-21,8.061735191766143e-24,0.0000
2020-07-22,sh.600000,11.55,11.75,11.5,11.62,11.54,98687637,1147395851.08,3,0.3512,1,0.6932,0,11.4,0.09999999999999964,0.09999999999999964,0.09999999999999964,0.11000000000000003,0.11000000000000003,100.0,2835.9133297323915,10.35,50160.47969346486,10.763103448275864,1,0.0,2.4910761742557384e-21,4.030867595883072e-24,0.0000
2020-07-23,sh.600000,10.99,10.99,10.61,10.84,11.02,86806896,937319747.44,3,0.3089,1,-1.6334,0,11.5,-0.8900000000000006,0.8900000000000006,0.0,0.3733333333333337,0.07666666666666681,486.9565217391299,3853.733251600516,10.35,50160.47969346486,10.771724137931036,1,0.0,1.2455380871278692e-21,2.015433797941536e-24,0.0000
2020-07-24,sh.600000,10.78,10.8,10.4,10.42,10.84,72886391,769923511.02,3,0.2593,1,-3.8745,0,10.61,-0.20999999999999908,0.20999999999999908,0.0,0.39999999999999974,0.033333333333333215,1200.0000000000036,7928.856458621204,10.35,50160.47969346486,10.773275862068965,1,0.0,6.227690435639346e-22,1.007716898970768e-24,0.0000
2020-07-27,sh.600000,10.55,10.55,10.32,10.37,10.42,44655910,465608566.02,3,0.1589,1,-0.4798,0,10.4,-0.08000000000000007,0.08000000000000007,0.0,0.39333333333333326,0.0,inf,7928.856458621204,10.32,50160.47969346486,10.769137931034482,1,54124.90792277546,27062.45396138773,43.7903785782973,43.7904
2020-07-28,sh.600000,10.46,10.54,10.35,10.39,10.37,32599274,339999710.64,3,0.116,1,0.1929,0,10.32,0.02999999999999936,0.02999999999999936,0.02999999999999936,0.10666666666666617,0.009999999999999787,1066.6666666666845,9754.360387732178,10.32,50160.47969346486,10.765,1,0.0,13531.226980693866,21.89518928914865,21.8952
2020-07-29,sh.600000,10.35,10.54,10.32,10.51,10.39,45256602,474093212.71,3,0.161,1,1.155,0,10.35,-0.02999999999999936,0.02999999999999936,0.0,0.046666666666666266,0.009999999999999787,466.66666666667265,6846.90402206856,10.32,50160.47969346486,10.765862068965516,1,53583.93170449914,33557.5793425965,54.30029019837622,54.3003
2020-07-30,sh.600000,10.51,10.53,10.4,10.4,10.51,40443481,422561053.58,3,0.1439,1,-1.0466,0,10.32,0.08000000000000007,0.08000000000000007,0.08000000000000007,0.046666666666666266,0.03666666666666648,127.27272727272683,3873.9129774088215,10.32,50160.47969346486,10.76603448275862,1,0.0,16778.78967129825,27.15014509918811,27.1501
2020-07-31,sh.600000,10.41,10.52,10.31,10.36,10.4,65368427,679850126.02,3,0.2326,1,-0.3846,0,10.4,-0.08999999999999986,0.08999999999999986,0.0,0.06666666666666643,0.02666666666666669,249.9999999999989,3164.7854323491915,10.31,50160.47969346486,10.764655172413791,1,51742.87240963946,34260.83104046885,55.438237929561254,55.4382
2020-08-03,sh.600000,10.4,10.48,10.37,10.41,10.36,56272005,586201746.4,3,0.2002,1,0.4826,0,10.31,0.05999999999999872,0.05999999999999872,0.05999999999999872,0.07666666666666622,0.046666666666666266,164.28571428571473,2391.73650006214,10.31,50160.47969346486,10.764310344827585,1,0.0,17130.415520234426,27.719118964780627,27.7191
2020-08-04,sh.600000,10.46,10.72,10.43,10.66,10.41,88522454,937235108.78,3,0.315,1,2.4015,0,10.37,0.0600000000000005,0.0600000000000005,0.0600000000000005,0.06999999999999969,0.03999999999999974,175.00000000000037,2068.3404849889466,10.31,50160.47969346486,10.769827586206894,1,0.0,8565.207760117213,13.859559482390313,13.8596
2020-08-05,sh.600000,10.64,10.64,10.45,10.51,10.66,46011280,483338972.02,3,0.1637,1,-1.4071,0,10.43,0.019999999999999574,0.019999999999999574,0.019999999999999574,0.046666666666666266,0.046666666666666266,100.0,1532.0744303585905,10.31,50160.47969346486,10.772068965517239,1,0.0,4282.603880058607,6.929779741195157,6.9298
2020-08-06,sh.600000,10.57,10.63,10.41,10.53,10.51,42484232,445698833.14,3,0.1512,1,0.1903,0,10.45,-0.03999999999999915,0.03999999999999915,0.0,0.03999999999999974,0.02666666666666669,149.9999999999989,1516.0058158421325,10.31,50160.47969346486,10.776034482758618,1,0.0,2141.3019400293033,3.4648898705975784,3.4649
2020-08-07,sh.600000,10.51,10.53,10.36,10.43,10.53,44271966,461730420.88,3,0.1575,1,-0.9497,0,10.41,-0.05000000000000071,0.05000000000000071,0.0,0.03666666666666648,0.006666666666666525,550.0000000000089,3509.9510708841217,10.31,50160.47969346486,10.77862068965517,1,0.0,1070.6509700146516,1.7324449352987892,1.7324
2020-08-10,sh.600000,10.42,10.57,10.39,10.52,10.43,48973967,514604347.77,3,0.1743,1,0.8629,0,10.36,0.030000000000001137,0.030000000000001137,0.030000000000001137,0.040000000000000334,0.010000000000000378,399.9999999999882,3755.0952932170303,10.31,50160.47969346486,10.782068965517238,1,0.0,535.3254850073258,0.8662224676493946,0.8662
2020-08-11,sh.600000,10.58,10.68,10.45,10.47,10.52,63673224,676102351.17,3,0.2266,1,-0.4753,0,10.39,0.05999999999999872,0.05999999999999872,0.05999999999999872,0.046666666666666856,0.029999999999999954,155.55555555555642,2655.056729147175,10.31,50160.47969346486,10.78413793103448,1,0.0,267.6627425036629,0.4331112338246973,0.4331
2020-08-12,sh.600000,10.49,10.6,10.46,10.56,10.47,43268629,455458282.12,3,0.154,1,0.8596,0,10.45,0.010000000000001563,0.010000000000001563,0.010000000000001563,0.033333333333333805,0.033333333333333805,100.0,1827.427286257642,10.31,50160.47969346486,10.78672413793103,1,0.0,133.83137125183146,0.21655561691234865,0.2166
2020-08-13,sh.600000,10.6,10.61,10.5,10.51,10.56,25798477,271625415.12,3,0.0918,1,-0.4735,0,10.46,0.03999999999999915,0.03999999999999915,0.03999999999999915,0.03666666666666648,0.03666666666666648,100.0,1413.688378179375,10.31,50160.47969346486,10.789827586206892,1,0.0,66.91568562591573,0.10827780845617432,0.1083
2020-08-14,sh.600000,10.53,10.6,10.48,10.59,10.51,37584530,396506222.63,3,0.1337,1,0.7612,0,10.5,-0.019999999999999574,0.019999999999999574,0.0,0.023333333333333428,0.016666666666666902,139.99999999999858,1406.8439801132367,10.31,50160.47969346486,10.797586206896547,1,0.0,33.457842812957864,0.05413890422808716,0.0541
2020-08-17,sh.600000,10.59,10.98,10.57,10.84,10.59,98742699,1066482968.31,3,0.3513,1,2.3607,0,10.48,0.08999999999999986,0.08999999999999986,0.08999999999999986,0.049999999999999524,0.043333333333333,115.38461538461517,1280.3431357874772,10.31,50160.47969346486,10.807413793103445,1,0.0,16.728921406478932,0.02706945211404358,0.0271
2020-08-18,sh.600000,10.85,10.85,10.63,10.69,10.84,54091961,580056196.32,3,0.1925,1,-1.3838,0,10.57,0.0600000000000005,0.0600000000000005,0.0600000000000005,0.05666666666666664,0.05000000000000012,113.33333333333302,1206.8376734843987,10.31,50160.47969346486,10.814655172413792,1,0.0,8.364460703239466,0.01353472605702179,0.0135
2020-08-19,sh.600000,10.69,10.74,10.57,10.58,10.69,43448106,462151805.43,3,0.1546,1,-1.029,0,10.63,-0.0600000000000005,0.0600000000000005,0.0,0.07000000000000028,0.05000000000000012,140.00000000000023,1303.4192053514055,10.31,50160.47969346486,10.818620689655171,1,0.0,4.182230351619733,0.006767363028510895,0.0068
2020-08-20,sh.600000,10.56,10.57,10.43,10.47,10.58,53539028,559975457.1,3,0.1905,1,-1.0397,0,10.57,-0.14000000000000057,0.14000000000000057,0.0,0.08666666666666718,0.020000000000000167,433.33333333333235,2818.3791603100985,10.31,50160.47969346486,10.817586206896552,1,0.0,2.0911151758098665,0.0033836815142554476,0.0034
2020-08-21,sh.600000,10.56,10.56,10.45,10.5,10.47,31451520,329790600.62,3,0.1119,1,0.2865,0,10.43,0.019999999999999574,0.019999999999999574,0.019999999999999574,0.07333333333333354,0.006666666666666525,1100.0000000000264,6909.193483364694,10.31,50160.47969346486,10.816379310344827,1,0.0,1.0455575879049332,0.0016918407571277238,0.0017
2020-08-24,sh.600000,10.57,10.57,10.44,10.46,10.5,38982822,408922474.85,3,0.1387,1,-0.381,0,10.45,-0.009999999999999787,0.009999999999999787,0.0,0.05666666666666664,0.006666666666666525,850.0000000000177,7704.5971211456435,10.31,50160.47969346486,10.81310344827586,1,0.0,0.5227787939524666,0.0008459203785638619,0.0008
2020-08-25,sh.600000,10.48,10.51,10.41,10.45,10.46,37897250,396122405.28,3,0.1348,1,-0.0956,0,10.44,-0.02999999999999936,0.02999999999999936,0.0,0.019999999999999574,0.006666666666666525,300.0,5352.2979994671605,10.31,46341.55379098114,10.809137931034483,1,0.0,0.2613893969762333,0.00042296018928193095,0.0004
2020-08-26,sh.600000,10.44,10.45,10.35,10.37,10.45,39278732,408174291.9,3,0.1398,1,-0.7656,0,10.41,-0.0600000000000005,0.0600000000000005,0.0,0.033333333333333215,0.0,inf,5352.2979994671605,10.31,26552.356214298823,10.803448275862069,1,0.0,0.13069469848811666,0.00021148009464096548,0.0002
2020-08-27,sh.600000,10.38,10.4,10.32,10.35,10.37,30462492,315213297.12,3,0.1084,1,-0.1929,0,10.35,-0.02999999999999936,0.02999999999999936,0.0,0.03999999999999974,0.0,inf,5352.2979994671605,10.31,15435.81313572559,10.79844827586207,1,0.0,0.06534734924405833,0.00010574004732048274,0.0001
2020-08-28,sh.600000,10.35,10.46,10.31,10.46,10.35,53131203,552429110.68,3,0.1891,1,1.0628,0,10.32,-0.009999999999999787,0.009999999999999787,0.0,0.033333333333333215,0.0,inf,5352.2979994671605,10.31,9754.360387732178,10.7948275862069,1,12430.509387465758,6215.287367407501,10.057099300012137,10.0571
2020-08-31,sh.600000,10.46,10.51,10.32,10.36,10.46,80037356,835524366.27,3,0.2848,1,-0.956,0,10.31,0.009999999999999787,0.009999999999999787,0.009999999999999787,0.016666666666666313,0.0033333333333332624,500.0,5039.144213863225,10.31,9754.360387732178,10.790517241379312,1,0.0,3107.6436837037504,5.0285496500060685,5.0285
2020-09-01,sh.600000,10.31,10.36,10.26,10.29,10.36,53931233,555922098.74,3,0.1919,1,-0.6757,0,10.32,-0.0600000000000005,0.0600000000000005,0.0,0.02666666666666669,0.0033333333333332624,800.0000000000177,6934.0919350713275,10.26,9754.360387732178,10.783793103448279,1,13221.406355267842,8164.525019485796,13.211205533148538,13.2112
2020-09-02,sh.600000,10.28,10.29,10.12,10.18,10.29,56787081,578763478.88,3,0.2021,1,-1.069,0,10.26,-0.14000000000000057,0.14000000000000057,0.0,0.07000000000000028,0.0033333333333332624,2100.000000000053,14830.742109832063,10.12,14830.742109832063,10.776896551724139,1,22246.113164748094,15205.319092116944,24.60407620083648,24.6041
2020-09-03,sh.600000,10.19,10.23,10.11,10.12,10.18,40832020,414701608.01,3,0.1453,1,-0.5894,0,10.12,-0.009999999999999787,0.009999999999999787,0.0,0.07000000000000028,0.0,inf,14830.742109832063,10.11,14830.742109832063,10.770689655172415,1,22246.113164748094,18725.71612843252,30.300511534680453,30.3005
2020-09-04,sh.600000,10.07,10.15,10.01,10.07,10.12,38443982,387141417.94,3,0.131,1,-0.4941,0,10.11,-0.09999999999999964,0.09999999999999964,0.0,0.08333333333333333,0.0,inf,14830.742109832063,10.01,14830.742109832063,10.76241379310345,1,22246.113164748094,20485.914646590307,33.148729201602436,33.1487
2020-09-07,sh.600000,10.07,10.16,10.01,10.01,10.07,58564585,589509231.02,3,0.1995,1,-0.5958,0,10.01,0.0,0.0,0.0,0.03666666666666648,0.0,inf,14830.742109832063,10.01,14830.742109832063,10.756551724137934,1,22246.113164748094,21366.0139056692,34.57283803506343,34.5728
2020-09-08,sh.600000,10.07,10.09,10.01,10.05,10.01,52972540,532346432.87,3,0.1805,1,0.3996,0,10.01,0.0,0.0,0.0,0.033333333333333215,0.0,inf,14830.742109832063,10.01,14830.742109832063,10.749655172413794,1,22246.113164748094,21806.063535208646,35.28489245179393,35.2849
2020-09-09,sh.600000,10.01,10.08,10.0,10.01,10.05,49418500,496009217.16,3,0.1684,1,-0.398,0,10.01,-0.009999999999999787,0.009999999999999787,0.0,0.0033333333333332624,0.0,inf,14830.742109832063,10.0,14830.742109832063,10.741724137931033,1,22246.113164748094,22026.08834997837,35.64091966015918,35.6409
2020-09-10,sh.600000,10.06,10.06,9.94,9.96,10.01,54169916,540727380.94,3,0.1846,1,-0.4995,0,10.0,-0.0600000000000005,0.0600000000000005,0.0,0.023333333333333428,0.0,inf,14830.742109832063,9.94,14830.742109832063,10.732413793103449,1,22246.113164748094,22136.10075736323,35.818933264341794,35.8189
2020-09-11,sh.600000,9.95,9.96,9.85,9.92,9.96,49947642,494619679.9,3,0.1702,1,-0.4016,0,9.94,-0.08999999999999986,0.08999999999999986,0.0,0.05333333333333338,0.0,inf,14830.742109832063,9.85,14830.742109832063,10.72051724137931,1,22246.113164748094,22191.106961055662,35.90794006643311,35.9079
2020-09-14,sh.600000,9.95,9.95,9.86,9.9,9.92,38851230,384257705.8,3,0.1324,1,-0.2016,0,9.85,0.009999999999999787,0.009999999999999787,0.009999999999999787,0.05333333333333338,0.0033333333333332624,1600.0000000000355,15991.92051164266,9.85,15991.92051164266,10.709310344827585,1,0.0,11095.553480527831,17.953970033216557,17.9540
2020-09-15,sh.600000,9.91,9.92,9.85,9.86,9.9,46601549,459933677.85,3,0.1588,1,-0.404,0,9.86,-0.009999999999999787,0.009999999999999787,0.0,0.03666666666666648,0.0033333333333332624,1100.0000000000177,12671.674270277726,9.85,15991.92051164266,10.698620689655172,1,22327.757646781523,16711.655563654676,27.0415138570464,27.0415
2020-09-16,sh.600000,9.87,9.9,9.8,9.86,9.86,51470657,507227129.45,3,0.1754,1,0.0,0,9.85,-0.049999999999998934,0.049999999999998934,0.0,0.023333333333332835,0.0033333333333332624,699.9999999999999,9433.935859984651,9.8,15991.92051164266,10.685862068965516,1,20708.888441634987,18710.27200264483,30.275521039878367,30.2755
2020-09-17,sh.600000,9.87,9.89,9.8,9.83,9.86,43171675,424496711.82,3,0.1471,1,-0.3043,0,9.8,0.0,0.0,0.0,0.019999999999999574,0.0,inf,9433.935859984651,9.8,15991.92051164266,10.673103448275862,1,20708.888441634987,19709.580222139906,31.892524631294346,31.8925
2020-09-18,sh.600000,9.84,9.94,9.8,9.94,9.83,95230581,941630507.92,3,0.3244,1,1.119,0,9.8,0.0,0.0,0.0,0.016666666666666313,0.0,inf,9433.935859984651,9.8,15991.92051164266,10.662068965517241,1,20708.888441634987,20209.23433188745,32.70102642700234,32.7010
2020-09-21,sh.600000,9.94,9.97,9.83,9.84,9.94,55998716,553037614.48,3,0.1908,1,-1.006,0,9.8,0.02999999999999936,0.02999999999999936,0.02999999999999936,0.009999999999999787,0.009999999999999787,100.0,2515.0177668163437,9.8,15991.92051164266,10.64655172413793,1,0.0,10104.617165943724,16.35051321350117,16.3505
2020-09-22,sh.600000,9.81,9.84,9.69,9.7,9.84,65952098,643194146.4,3,0.2247,1,-1.4228,0,9.83,-0.14000000000000057,0.14000000000000057,0.0,0.05666666666666664,0.009999999999999787,566.6666666666786,4473.1915979005225,9.69,15991.92051164266,10.623275862068967,1,18228.51631059292,14166.566738268322,22.923247149301492,22.9232
2020-09-23,sh.600000,9.71,9.72,9.62,9.63,9.7,41909587,404393340.16,3,0.1428,1,-0.7216,0,9.69,-0.07000000000000028,0.07000000000000028,0.0,0.08000000000000007,0.009999999999999787,800.0000000000177,6427.381546817755,9.62,15991.92051164266,10.596379310344828,1,19205.61128505154,16686.08901165993,27.000144031812184,27.0001
2020-09-24,sh.600000,9.61,9.62,9.46,9.5,9.63,53858739,512493256.04,3,0.1835,1,-1.3499,0,9.62,-0.15999999999999837,0.15999999999999837,0.0,0.12333333333333307,0.0,inf,6427.381546817755,9.46,15991.92051164266,10.549827586206897,1,19205.61128505154,17945.850148355734,29.03859247306753,29.0386
2020-09-25,sh.600000,9.5,9.53,9.46,9.47,9.5,29487505,279750442.32,3,0.1005,1,-0.3158,0,9.46,0.0,0.0,0.0,0.07666666666666622,0.0,inf,6427.381546817755,9.46,15991.92051164266,10.504310344827585,1,19205.61128505154,18575.730716703634,30.0578166936952,30.0578
2020-09-28,sh.600000,9.49,9.53,9.46,9.46,9.47,26257827,249063489.41,3,0.0895,1,-0.1056,0,9.46,0.0,0.0,0.0,0.05333333333333279,0.0,inf,6427.381546817755,9.46,15991.92051164266,10.458103448275862,1,19205.61128505154,18890.671000877584,30.567428804009037,30.5674
2020-09-29,sh.600000,9.5,9.52,9.43,9.43,9.46,32988266,312583584.98,3,0.1124,1,-0.3171,0,9.46,-0.030000000000001137,0.030000000000001137,0.0,0.010000000000000378,0.0,inf,6427.381546817755,9.43,15991.92051164266,10.41396551724138,1,19205.61128505154,19048.14114296456,30.822234859165953,30.8222
2020-09-30,sh.600000,9.45,9.49,9.35,9.39,9.43,39006807,367745388.57,3,0.1329,1,-0.4242,0,9.43,-0.08000000000000007,0.08000000000000007,0.0,0.03666666666666707,0.0,inf,6427.381546817755,9.35,15991.92051164266,10.375862068965516,1,19205.61128505154,19126.87621400805,30.94963788674442,30.9496
2020-10-09,sh.600000,9.44,9.48,9.4,9.42,9.39,39772687,375559366.01,3,0.1355,1,0.3195,0,9.35,0.05000000000000071,0.05000000000000071,0.05000000000000071,0.053333333333333975,0.016666666666666902,319.9999999999993,3288.5132349026467,9.35,15991.92051164266,10.337241379310344,1,0.0,9563.438107004025,15.47481894337221,15.4748
2020-10-12,sh.600000,9.45,9.63,9.42,9.59,9.42,66671637,637356691.4,3,0.2271,1,1.8047,0,9.4,0.019999999999999574,0.019999999999999574,0.019999999999999574,0.05000000000000012,0.023333333333333428,214.28571428571394,2531.8548664083196,9.35,15991.92051164266,10.306379310344827,1,0.0,4781.719053502013,7.737409471686105,7.7374
2020-10-13,sh.600000,9.58,9.59,9.52,9.54,9.59,28059097,267595710.61,3,0.0956,1,-0.5214,0,9.42,0.09999999999999964,0.09999999999999964,0.09999999999999964,0.05666666666666664,0.05666666666666664,100.0,1660.021358874781,9.35,15991.92051164266,10.278103448275862,1,0.0,2390.8595267510063,3.8687047358430524,3.8687
2020-10-14,sh.600000,9.54,9.56,9.5,9.53,9.54,42969217,409511681.66,3,0.1464,1,-0.1048,0,9.52,-0.019999999999999574,0.019999999999999574,0.0,0.046666666666666266,0.03999999999999974,116.66666666666643,1397.392582557652,9.35,15991.92051164266,10.249310344827585,1,0.0,1195.4297633755032,1.9343523679215262,1.9344
2020-10-15,sh.600000,9.54,9.72,9.53,9.62,9.53,66146732,637856656.35,3,0.2254,1,0.9444,0,9.5,0.02999999999999936,0.02999999999999936,0.02999999999999936,0.049999999999999524,0.043333333333333,115.38461538461517,1271.8054401042327,9.35,15991.92051164266,10.220862068965516,1,0.0,597.7148816877516,0.9671761839607631,0.9672
2020-10-16,sh.600000,9.61,9.77,9.6,9.72,9.62,74850236,726361115.91,3,0.255,1,1.0395,0,9.53,0.07000000000000028,0.07000000000000028,0.07000000000000028,0.03999999999999974,0.033333333333333215,119.99999999999964,1235.3491536093918,9.35,15991.92051164266,10.189827586206896,1,0.0,298.8574408438758,0.48358809198038155,0.4836
2020-10-19,sh.600000,9.73,9.93,9.64,9.65,9.72,84532385,826077895.19,3,0.288,1,-0.7202,0,9.6,0.040000000000000924,0.040000000000000924,0.040000000000000924,0.046666666666666856,0.046666666666666856,100.0,1116.7743336975932,9.35,15991.92051164266,10.157241379310346,1,0.0,149.4287204219379,0.24179404599019078,0.2418
2020-10-20,sh.600000,9.63,9.65,9.51,9.58,9.65,46687029,446894604.24,3,0.1591,1,-0.7254,0,9.64,-0.13000000000000078,0.13000000000000078,0.0,0.08000000000000067,0.03666666666666707,218.1818181818176,1651.3254658666851,9.35,15991.92051164266,10.122068965517242,1,0.0,74.71436021096895,0.12089702299509539,0.1209
2020-10-21,sh.600000,9.58,9.7,9.51,9.7,9.58,61622129,592503578.52,3,0.2099,1,1.2526,0,9.51,0.0,0.0,0.0,0.05666666666666723,0.013333333333333641,424.99999999999443,2953.1336281574104,9.35,15991.92051164266,10.10241379310345,1,0.0,37.357180105484474,0.060448511497547694,0.0604
2020-10-22,sh.600000,9.67,9.76,9.59,9.65,9.7,47288884,456765638.54,3,0.1611,1,-0.5155,0,9.51,0.08000000000000007,0.08000000000000007,0.08000000000000007,0.07000000000000028,0.02666666666666669,262.50000000000085,2788.9109627746016,9.35,15991.92051164266,10.089137931034484,1,0.0,18.678590052742237,0.030224255748773847,0.0302
2020-10-23,sh.600000,9.63,9.79,9.62,9.7,9.65,70954476,689493436.85,3,0.2417,1,0.5181,0,9.59,0.02999999999999936,0.02999999999999936,0.02999999999999936,0.03666666666666648,0.03666666666666648,100.0,1894.0308498899124,9.35,15991.92051164266,10.077586206896553,1,0.0,9.339295026371119,0.015112127874386923,0.0151
2020-10-26,sh.600000,9.72,9.75,9.59,9.6,9.7,52711443,508770627.54,3,0.1796,1,-1.0309,0,9.62,-0.02999999999999936,0.02999999999999936,0.0,0.046666666666666266,0.03666666666666648,127.27272727272683,1583.3053397917467,9.35,15991.92051164266,10.063965517241382,1,0.0,4.669647513185559,0.007556063937193462,0.0076
2020-10-27,sh.600000,9.59,9.59,9.48,9.48,9.6,38062780,362632658.54,3,0.1297,1,-1.25,0,9.59,-0.10999999999999943,0.10999999999999943,0.0,0.05666666666666605,0.009999999999999787,566.6666666666727,3625.2282325410224,9.35,15991.92051164266,10.046206896551727,1,0.0,2.3348237565927796,0.003778031968596731,0.0038
2020-10-28,sh.600000,9.48,9.52,9.38,9.4,9.48,45881367,432093181.11,3,0.1563,1,-0.8439,0,9.48,-0.09999999999999964,0.09999999999999964,0.0,0.07999999999999947,0.0,inf,3625.2282325410224,9.35,15991.92051164266,10.028965517241382,1,0.0,1.1674118782963898,0.0018890159842983654,0.0019
2020-10-29,sh.600000,9.35,9.45,9.34,9.37,9.4,43707348,409990836.38,3,0.1489,1,-0.3191,0,9.38,-0.040000000000000924,0.040000000000000924,0.0,0.08333333333333333,0.0,inf,3625.2282325410224,9.34,15991.92051164266,10.01189655172414,1,17804.53462791317,8902.851019895734,14.405907799184035,14.4059
2020-10-30,sh.600000,9.38,9.45,9.25,9.26,9.37,56060864,523487861.49,3,0.191,1,-1.174,0,9.34,-0.08999999999999986,0.08999999999999986,0.0,0.07666666666666681,0.0,inf,3625.2282325410224,9.25,15991.92051164266,9.992068965517245,1,17804.53462791317,13353.692823904452,21.6079171907839,21.6079
2020-11-02,sh.600000,9.28,9.33,9.22,9.25,9.26,46542251,431202859.48,3,0.1586,1,-0.108,0,9.25,-0.02999999999999936,0.02999999999999936,0.0,0.05333333333333338,0.0,inf,3625.2282325410224,9.22,15991.92051164266,9.96775862068966,1,17804.53462791317,15579.11372590881,25.208921886583834,25.2089
2020-11-03,sh.600000,9.31,9.4,9.28,9.3,9.25,67876111,632973896.61,3,0.2312,1,0.5405,0,9.22,0.05999999999999872,0.05999999999999872,0.05999999999999872,0.05999999999999931,0.019999999999999574,300.00000000000296,3036.7740250218753,9.22,12671.674270277726,9.94689655172414,1,0.0,7789.556862954405,12.604460943291917,12.6045
2020-11-04,sh.600000,9.35,9.4,9.28,9.34,9.3,50256088,469008802.5,3,0.1712,1,0.4301,0,9.28,0.0,0.0,0.0,0.02999999999999936,0.019999999999999574,150.0,2033.1640687569238,9.22,9433.935859984651,9.926379310344831,1,0.0,3894.7784314772025,6.3022304716459585,6.3022
2020-11-05,sh.600000,9.46,9.46,9.33,9.36,9.34,55873229,523812724.48,3,0.1904,1,0.2141,0,9.28,0.05000000000000071,0.05000000000000071,0.05000000000000071,0.03666666666666648,0.03666666666666648,100.0,1448.0085836569965,9.22,9433.935859984651,9.907931034482765,1,0.0,1947.3892157386013,3.1511152358229793,3.1511
2020-11-06,sh.600000,9.37,9.43,9.33,9.39,9.36,63919592,600129368.89,3,0.2178,1,0.3205,0,9.33,0.0,0.0,0.0,0.016666666666666902,0.016666666666666902,100.0,1210.0619988635,9.22,9433.935859984651,9.888448275862075,1,0.0,973.6946078693006,1.5755576179114896,1.5756
2020-11-09,sh.600000,9.42,9.48,9.39,9.43,9.39,88937655,839142819.56,3,0.303,1,0.426,0,9.33,0.0600000000000005,0.0600000000000005,0.0600000000000005,0.03666666666666707,0.03666666666666707,100.0,1101.8610239244142,9.22,6427.381546817755,9.870517241379314,1,0.0,486.8473039346503,0.7877788089557448,0.7878
2020-11-10,sh.600000,9.47,9.59,9.44,9.46,9.43,84217864,800256172.05,3,0.2869,1,0.3181,0,9.39,0.049999999999998934,0.049999999999998934,0.049999999999998934,0.03666666666666648,0.03666666666666648,100.0,1050.1733624963606,9.22,6427.381546817755,9.851551724137936,1,0.0,243.42365196732516,0.3938894044778724,0.3939
2020-11-11,sh.600000,9.49,9.58,9.44,9.56,9.46,64171805,610306555.33,3,0.2186,1,1.0571,0,9.44,0.0,0.0,0.0,0.03666666666666648,0.03666666666666648,100.0,1024.9015837485913,9.22,6427.381546817755,9.835172413793108,1,0.0,121.71182598366258,0.1969447022389362,0.1969
2020-11-12,sh.600000,9.52,9.53,9.43,9.43,9.56,51891050,491018805.08,3,0.1768,1,-1.3598,0,9.44,-0.009999999999999787,0.009999999999999787,0.0,0.019999999999999574,0.016666666666666313,120.0,1112.772587646374,9.22,6427.381546817755,9.815172413793107,1,0.0,60.85591299183129,0.0984723511194681,0.0985
2020-11-13,sh.600000,9.41,9.41,9.33,9.36,9.43,44910112,420337400.47,3,0.153,1,-0.7423,0,9.43,-0.09999999999999964,0.09999999999999964,0.0,0.03666666666666648,0.0,inf,1112.772587646374,9.22,6427.381546817755,9.789655172413797,1,0.0,30.427956495915645,0.04923617555973405,0.0492
2020-11-16,sh.600000,9.38,9.46,9.37,9.45,9.36,31878052,300508257.43,3,0.1086,1,0.9615,0,9.33,0.03999999999999915,0.03999999999999915,0.03999999999999915,0.049999999999999524,0.01333333333333305,375.0000000000044,2873.0730171112364,9.22,6427.381546817755,9.768275862068968,1,0.0,15.213978247957822,0.024618087779867025,0.0246
2020-11-17,sh.600000,9.46,9.53,9.44,9.53,9.45,47293970,448873504.24,3,0.1611,1,0.8466,0,9.37,0.07000000000000028,0.07000000000000028,0.07000000000000028,0.06999999999999969,0.03666666666666648,190.90909090909102,2321.937764880189,9.22,6427.381546817755,9.750172413793106,1,0.0,7.606989123978911,0.012309043889933513,0.0123
2020-11-18,sh.600000,9.53,9.77,9.5,9.7,9.53,109417513,1059930872.62,3,0.3728,1,1.7838,0,9.44,0.0600000000000005,0.0600000000000005,0.0600000000000005,0.05666666666666664,0.05666666666666664,100.0,1616.7321195688141,9.22,6427.381546817755,9.73689655172414,1,0.0,3.8034945619894556,0.006154521944966756,0.0062
2020-11-19,sh.600000,9.7,9.78,9.64,9.74,9.7,63840056,620569637.98,3,0.2175,1,0.4124,0,9.5,0.14000000000000057,0.14000000000000057,0.14000000000000057,0.09000000000000045,0.09000000000000045,100.0,1298.381159621845,9.22,3625.2282325410224,9.723793103448278,1,0.0,1.9017472809947278,0.003077260972483378,0.0031
2020-11-20,sh.600000,9.68,9.72,9.61,9.67,9.74,46631360,450166503.49,3,0.1589,1,-0.7187,0,9.64,-0.030000000000001137,0.030000000000001137,0.0,0.0766666666666674,0.06666666666666703,115.00000000000048,1223.0085702131446,9.22,3625.2282325410224,9.710172413793105,1,0.0,0.9508736404973639,0.001538630486241689,0.0015
2020-11-23,sh.600000,9.66,9.92,9.63,9.9,9.67,92618240,909448904.48,3,0.3155,1,2.3785,0,9.61,0.02000000000000135,0.02000000000000135,0.02000000000000135,0.06333333333333435,0.053333333333333975,118.75000000000048,1205.1139715821478,9.22,3625.2282325410224,9.700689655172413,1,0.0,0.47543682024868195,0.0007693152431208445,0.0008
2020-11-24,sh.600000,9.92,9.97,9.82,9.85,9.9,61221709,605831670.52,3,0.2086,1,-0.5051,0,9.63,0.1899999999999995,0.1899999999999995,0.1899999999999995,0.08000000000000067,0.07000000000000028,114.28571428571476,1173.8630362015651,9.22,3625.2282325410224,9.691724137931034,1,0.0,0.23771841012434097,0.00038465762156042227,0.0004
2020-11-25,sh.600000,9.9,9.99,9.81,9.81,9.85,61216111,606063472.42,3,0.2086,1,-0.4061,0,9.82,-0.009999999999999787,0.009999999999999787,0.0,0.07333333333333354,0.07000000000000028,104.76190476190463,1110.6170622433838,9.22,3625.2282325410224,9.682413793103446,1,0.0,0.11885920506217049,0.00019232881078021114,0.0002
2020-11-26,sh.600000,9.84,9.99,9.76,9.98,9.81,71595543,709188720.75,3,0.2439,1,1.7329,0,9.81,-0.05000000000000071,0.05000000000000071,0.0,0.08333333333333333,0.06333333333333317,131.57894736842138,1213.3039153334782,9.22,3625.2282325410224,9.674137931034481,1,0.0,0.05942960253108524,9.616440539010557e-05,0.0001
2020-11-27,sh.600000,10.01,10.2,9.96,10.2,9.98,113388037,1141650216.7,3,0.3863,1,2.2044,0,9.76,0.20000000000000107,0.20000000000000107,0.20000000000000107,0.08666666666666718,0.06666666666666703,130.00000000000006,1256.6732116319058,9.22,3625.2282325410224,9.671379310344827,1,0.0,0.02971480126554262,4.8082202695052784e-05,0.0000
2020-11-30,sh.600000,10.3,10.53,10.06,10.06,10.2,203498922,2102112685.69,3,0.6933,1,-1.3725,0,9.96,0.09999999999999964,0.09999999999999964,0.09999999999999964,0.11666666666666714,0.10000000000000024,116.66666666666686,1211.658909083088,9.22,3625.2282325410224,9.667413793103448,1,0.0,0.01485740063277131,2.4041101347526392e-05,0.0000
2020-12-01,sh.600000,10.08,10.35,10.01,10.3,10.06,107812159,1099269635.93,3,0.3673,1,2.3857,0,10.06,-0.05000000000000071,0.05000000000000071,0.0,0.11666666666666714,0.10000000000000024,116.66666666666686,1189.1600313719835,9.22,3625.2282325410224,9.669482758620688,1,0.0,0.007428700316385655,1.2020550673763196e-05,0.0000
2020-12-02,sh.600000,10.26,10.39,10.19,10.25,10.3,78702779,808812295.61,3,0.2681,1,-0.4854,0,10.01,0.17999999999999972,0.17999999999999972,0.17999999999999972,0.11000000000000003,0.09333333333333312,117.85714285714317,1183.8654056299476,9.22,3625.2282325410224,9.671724137931033,1,0.0,0.0037143501581928277,6.010275336881598e-06,0.0000
2020-12-03,sh.600000,10.23,10.28,10.16,10.24,10.25,57195735,584153273.38,3,0.1949,1,-0.0976,0,10.19,-0.02999999999999936,0.02999999999999936,0.0,0.0866666666666666,0.05999999999999991,144.44444444444454,1314.1589158411234,9.22,3625.2282325410224,9.674655172413791,1,0.0,0.0018571750790964139,3.005137668440799e-06,0.0000
2020-12-04,sh.600000,10.24,10.25,10.05,10.17,10.24,47336450,479183314.97,3,0.1613,1,-0.6836,0,10.16,-0.10999999999999943,0.10999999999999943,0.0,0.10666666666666617,0.05999999999999991,177.77777777777723,1545.9718969484907,9.22,3625.2282325410224,9.677413793103446,1,0.0,0.0009285875395482069,1.5025688342203995e-06,0.0000
2020-12-07,sh.600000,10.11,10.17,9.9,9.99,10.17,57810545,577584100.54,3,0.197,1,-1.7699,0,10.05,-0.15000000000000036,0.15000000000000036,0.0,0.09666666666666639,0.0,inf,1545.9718969484907,9.22,3625.2282325410224,9.676379310344826,1,0.0,0.00046429376977410346,7.512844171101998e-07,0.0000
2020-12-08,sh.600000,9.97,10.06,9.93,9.98,9.99,31522398,315079837.72,3,0.1074,1,-0.1001,0,9.9,0.02999999999999936,0.02999999999999936,0.02999999999999936,0.09666666666666639,0.009999999999999787,966.6666666666846,6959.796047068768,9.22,6959.796047068768,9.675862068965516,1,0.0,0.00023214688488705173,3.756422085550999e-07,0.0000
2020-12-09,sh.600000,9.98,10.09,9.91,9.91,9.98,44090061,440752941.18,3,0.1502,1,-0.7014,0,9.93,-0.019999999999999574,0.019999999999999574,0.0,0.06666666666666643,0.009999999999999787,666.6666666666786,6792.293177517495,9.22,6959.796047068768,9.674999999999997,1,0.0,0.00011607344244352587,1.8782110427754994e-07,0.0000
2020-12-10,sh.600000,9.91,9.96,9.76,9.82,9.91,39400878,388252087.64,3,0.1342,1,-0.9082,0,9.91,-0.15000000000000036,0.15000000000000036,0.0,0.06666666666666643,0.009999999999999787,666.6666666666786,6725.292303324037,9.22,6959.796047068768,9.673275862068964,1,0.0,5.803672122176293e-05,9.391055213877497e-08,0.0000
2020-12-11,sh.600000,9.84,9.88,9.69,9.7,9.82,48386569,471620087.11,3,0.1648,1,-1.222,0,9.76,-0.07000000000000028,0.07000000000000028,0.0,0.08000000000000007,0.0,inf,6725.292303324037,9.22,6959.796047068768,9.669827586206896,1,0.0,2.9018360610881466e-05,4.6955276069387484e-08,0.0000
2020-12-14,sh.600000,9.75,9.8,9.68,9.75,9.7,38743836,376928042.47,3,0.132,1,0.5155,0,9.69,-0.009999999999999787,0.009999999999999787,0.0,0.07666666666666681,0.0,inf,6725.292303324037,9.28,6959.796047068768,9.66793103448276,1,0.0,1.4509180305440733e-05,2.3477638034693742e-08,0.0000
2020-12-15,sh.600000,9.73,9.74,9.6,9.71,9.75,39323070,379468277.5,3,0.134,1,-0.4103,0,9.68,-0.08000000000000007,0.08000000000000007,0.0,0.05333333333333338,0.0,inf,6725.292303324037,9.28,6959.796047068768,9.665344827586207,1,0.0,7.254590152720367e-06,1.1738819017346871e-08,0.0000
2020-12-16,sh.600000,9.72,9.78,9.64,9.65,9.71,47998904,465187094.36,3,0.1635,1,-0.6179,0,9.6,0.040000000000000924,0.040000000000000924,0.040000000000000924,0.04333333333333359,0.013333333333333641,324.99999999999443,3614.5408175505218,9.33,6959.796047068768,9.662241379310345,1,0.0,3.6272950763601833e-06,5.8694095086734356e-09,0.0000
2020-12-17,sh.600000,9.64,9.79,9.59,9.77,9.65,42901555,415257095.45,3,0.1462,1,1.2435,0,9.64,-0.05000000000000071,0.05000000000000071,0.0,0.05666666666666723,0.013333333333333641,424.99999999999443,4022.253992866423,9.33,6959.796047068768,9.659310344827585,1,0.0,1.8136475381800917e-06,2.9347047543367178e-09,0.0000
2020-12-18,sh.600000,9.74,9.79,9.69,9.76,9.77,31884462,310411756.26,3,0.1086,1,-0.1024,0,9.59,0.09999999999999964,0.09999999999999964,0.09999999999999964,0.06333333333333376,0.046666666666666856,135.71428571428606,2524.4088507923652,9.33,6959.796047068768,9.657931034482756,1,0.0,9.068237690900458e-07,1.4673523771683589e-09,0.0000
2020-12-21,sh.600000,9.7,9.77,9.65,9.75,9.76,31965504,310813655.36,3,0.1089,1,-0.1025,0,9.69,-0.03999999999999915,0.03999999999999915,0.0,0.06333333333333317,0.033333333333333215,190.0000000000002,2193.972329721613,9.33,6959.796047068768,9.658793103448273,1,0.0,4.534118845450229e-07,7.336761885841794e-10,0.0000
2020-12-22,sh.600000,9.75,9.75,9.55,9.61,9.75,50418001,485974239.53,3,0.1718,1,-1.4359,0,9.65,-0.09999999999999964,0.09999999999999964,0.0,0.07999999999999947,0.033333333333333215,239.9999999999993,2299.9087269981637,9.33,6959.796047068768,9.658448275862066,1,0.0,2.2670594227251146e-07,3.668380942920897e-10,0.0000
